{
    "MUSD": 16.40134076,
    "UNI": 0.33539858,
    "ETH": 0.00135302,
    "BTC": 4.977e-05,
    "LINK": 0.20556793,
    "LTC": 0.0392185
}