{
    "MUSD": 13.01563685,
    "UNI": 0.38525748,
    "ETH": 0.001554,
    "BTC": 5.716e-05,
    "LINK": 0.23600292,
    "LTC": 0.04503052
}