{
    "MUSD": 12.0462937,
    "UNI": 0.31159027,
    "ETH": 0.00124575,
    "BTC": 4.615e-05,
    "LINK": 0.20556793,
    "LTC": 0.0392185
}